exit_time,sym,direction,entry_price,exit_price,dollar_pos,pnl
2024-01-31 09:30:00-05:00,ES,Long,476.5299987792969,487.29998779296875,346046.23992859456,7820.9435120569005
2024-02-05 11:30:00-05:00,ES,Long,491.3901062011719,492.7349853515625,318229.0692365293,870.9569746388236
2024-02-13 09:30:00-05:00,YM,Long,387.1000061035156,383.3900146484375,353042.16517034353,-3383.5789083247946
2024-02-14 09:30:00-05:00,ES,Long,492.7349853515625,497.7099914550781,343742.7939361929,3470.6739905061027
2024-02-14 13:30:00-05:00,ES,Long,497.7099914550781,496.69000244140625,299552.4499457453,-613.8920520158608
2024-02-15 10:30:00-05:00,ES,Long,496.69000244140625,499.4800109863281,322480.6532729684,1811.4392755664724
2024-02-22 09:30:00-05:00,ES,Long,499.4800109863281,505.3399963378906,353491.7899773497,4147.22644670875
2024-03-04 13:30:00-05:00,YM,Long,389.7001037597656,390.4599914550781,354943.3192336977,692.1144187976229
2024-03-05 09:30:00-05:00,YM,Long,390.4599914550781,388.6700134277344,558148.7360118638,-2558.7102272061225
2024-03-07 09:30:00-05:00,ES,Long,506.239990234375,514.1799926757812,354943.3192336977,5567.025275841259
2024-03-07 10:30:00-05:00,ES,Long,514.1799926757812,514.4249877929688,313341.2032938886,149.29998427430908
2024-03-11 09:30:00-04:00,ES,Long,514.4249877929688,508.9949951171875,337428.4641301136,-3561.712848917866
2024-03-11 12:30:00-04:00,ES,Long,508.9949951171875,511.239990234375,313435.43007851567,1382.4517270898225
2024-03-15 09:30:00-04:00,ES,Long,511.239990234375,510.4200134277344,352922.02915418125,-566.0509427799396
2024-03-15 09:30:00-04:00,YM,Long,388.6700134277344,387.92999267578125,370233.06118228874,-704.9171247294228
2024-03-15 11:30:00-04:00,ES,Long,510.4200134277344,509.1700134277344,267707.3488117441,-655.6055350718685
2024-03-15 11:30:00-04:00,YM,Long,387.92999267578125,386.9800109863281,315949.78964797483,-773.7130941638609
2024-03-15 12:30:00-04:00,NQ,Short,435.1300048828125,433.7950134277344,-208428.9566203911,639.4660744069091
2024-03-15 13:30:00-04:00,ES,Long,509.1700134277344,509.5398864746094,290588.9661744934,211.0906445249074
2024-03-15 14:30:00-04:00,ES,Long,509.5398864746094,510.1400146484375,330758.6507150353,389.56240777307636
2024-03-15 14:30:00-04:00,NQ,Short,433.7950134277344,434.6799011230469,-234803.5475011517,-478.96993641699925
2024-03-18 09:30:00-04:00,ES,Long,510.1400146484375,515.1799926757812,354505.26835832314,3502.36937271986
2024-03-18 09:30:00-04:00,NQ,Short,434.6799011230469,440.8200988769531,-269505.517035304,-3806.9788046102444
2024-03-18 10:30:00-04:00,ES,Long,515.1799926757812,514.6799926757812,300266.4123498768,-291.4189376710168
2024-03-18 11:30:00-04:00,ES,Long,514.6799926757812,514.1699829101562,323553.30468564836,-320.61736892475614
2024-03-18 11:30:00-04:00,NQ,Short,440.8200988769531,438.94000244140625,-219112.20345660814,934.5129084474426
2024-03-18 13:30:00-04:00,NQ,Short,438.94000244140625,439.3999938964844,-245361.92115956606,-257.1294174766383
2024-03-18 15:30:00-04:00,NQ,Short,439.3999938964844,437.4700012207031,-269592.4800407062,1184.1409175049805
2024-03-19 09:30:00-04:00,NQ,Short,437.4700012207031,433.8999938964844,-291157.2779767711,2376.0111824268247
2024-03-19 13:30:00-04:00,NQ,Short,433.8999938964844,438.48968505859375,-255214.2603174604,-2699.5958780833257
2024-03-20 10:30:00-04:00,NQ,Short,438.48968505859375,439.0299987792969,-295357.3147439762,-363.94381693352017
2024-03-20 14:30:00-04:00,NQ,Short,439.0299987792969,443.8399963378906,-318570.77330663794,-3490.250429594358
2024-03-21 09:30:00-04:00,NQ,Short,443.8399963378906,448.19500732421875,-262672.0234028625,-2577.36922575503
2024-03-21 11:30:00-04:00,NQ,Short,448.19500732421875,449.25,-232181.5198703846,-546.5250592089278
2024-03-21 13:30:00-04:00,NQ,Short,449.25,447.19500732421875,-266693.50726443203,1219.9292245004372
2024-03-21 15:30:00-04:00,NQ,Short,447.19500732421875,445.7799987792969,-288506.2879117676,912.8877916180903
2024-03-22 11:30:00-04:00,NQ,Short,445.7799987792969,445.7694091796875,-313046.0865117143,7.436477016731467
2024-03-26 13:30:00-04:00,ES,Long,514.1699829101562,520.9650268554688,350471.711881642,4631.679722619642
2024-03-26 13:30:00-04:00,NQ,Short,445.7694091796875,446.0299987792969,-336546.18633284507,-196.73946695428486
2024-03-26 13:30:00-04:00,YM,Long,386.9800109863281,393.7900085449219,341238.9144363709,6005.054804474042
2024-03-27 13:30:00-04:00,NQ,Short,446.0299987792969,443.70001220703125,-283940.5797911761,1483.2583907929393
2024-03-27 15:30:00-04:00,ES,Long,520.9650268554688,523.1699829101562,446278.9050373081,1888.8511186266603
2024-03-27 15:30:00-04:00,YM,Long,393.7900085449219,397.55999755859375,285621.9951364288,2734.4314491527853
2024-03-28 09:30:00-04:00,NQ,Short,443.70001220703125,444.46661376953125,-318112.71626005264,-549.6184327853642
2024-03-28 11:30:00-04:00,ES,Long,523.1699829101562,523.469970703125,351233.4789585084,201.3987033112969
2024-03-28 11:30:00-04:00,NQ,Short,444.46661376953125,444.4800109863281,-341878.4921948205,-10.304981603180039
2024-03-28 11:30:00-04:00,YM,Long,397.55999755859375,397.74951171875,337006.5993488495,160.64876505413005
2024-04-02 09:30:00-04:00,ES,Long,523.469970703125,517.1699829101562,451368.2251266201,-5432.239607960956
2024-04-02 09:30:00-04:00,YM,Long,397.74951171875,391.32000732421875,287276.4213399426,-4643.739235452345
2024-04-02 12:30:00-04:00,ES,Long,517.1699829101562,517.6699829101562,373267.98373868834,360.87553036071427
2024-04-02 12:30:00-04:00,NQ,Short,444.4800109863281,439.889892578125,-287231.43968572747,2966.2218460408944
2024-04-02 13:30:00-04:00,NQ,Short,439.889892578125,439.94000244140625,-317833.90478326724,-36.20590921398988
2024-04-03 09:30:00-04:00,NQ,Short,439.94000244140625,443.0000915527344,-338214.88926086633,-2352.52010313399
2024-04-03 10:30:00-04:00,ES,Long,517.6699829101562,520.8099975585938,349681.5909714639,2121.052705754218
2024-04-03 10:30:00-04:00,NQ,Short,443.0000915527344,443.7799987792969,-314628.91461932013,-553.9081568517319
2024-04-03 10:30:00-04:00,YM,Long,391.32000732421875,392.4100036621094,355568.9340797336,990.4140569369658
2024-04-03 14:30:00-04:00,ES,Long,520.8099975585938,518.530029296875,439488.26334168646,-1923.9632428603772
2024-04-03 14:30:00-04:00,NQ,Short,443.7799987792969,441.17999267578125,-282285.4003677641,1653.8459730235556
2024-04-03 14:30:00-04:00,YM,Long,392.4100036621094,390.55999755859375,297170.71523631574,-1401.0031136888997
2024-04-04 09:30:00-04:00,NQ,Short,441.17999267578125,445.5799865722656,-323894.25938826136,-3230.27514409973
2024-04-04 09:30:00-04:00,YM,Long,390.55999755859375,392.9100036621094,339504.66816850606,2042.8053240356253
2024-04-04 10:30:00-04:00,NQ,Short,445.5799865722656,445.42999267578125,-282337.03320005117,95.04204185042711
2024-04-04 12:30:00-04:00,NQ,Short,445.42999267578125,446.3299865722656,-309810.59616458416,-625.9741153471537
2024-04-04 13:30:00-04:00,NQ,Short,446.3299865722656,441.44000244140625,-351587.68061644793,3851.9889555789864
2024-04-04 14:30:00-04:00,ES,Long,518.530029296875,513.6900024414062,354694.2373168681,-3310.7622260981248
2024-04-04 14:30:00-04:00,NQ,Short,441.44000244140625,436.04998779296875,-276931.57832506526,3381.354783281438
2024-04-05 15:30:00-04:00,ES,Long,513.6900024414062,518.4000244140625,308312.87303636206,2826.919736713548
2024-04-05 15:30:00-04:00,NQ,Short,436.04998779296875,440.510009765625,-228670.8070451806,-2338.898870490895
2024-04-08 12:30:00-04:00,NQ,Short,440.510009765625,440.989990234375,-258837.37832651433,-282.0296552291335
2024-04-08 13:30:00-04:00,NQ,Short,440.989990234375,441.0039978027344,-301640.0189254561,-9.581267780649364
2024-04-08 14:30:00-04:00,NQ,Short,441.0039978027344,441.0799865722656,-322048.92833159055,-55.491791264264016
2024-04-09 09:30:00-04:00,NQ,Short,441.0799865722656,440.3500061035156,-347330.4948350595,574.8265284063755
2024-04-09 11:30:00-04:00,NQ,Short,440.3500061035156,440.3900146484375,-319568.0363000598,-29.03474953716879
2024-04-09 13:30:00-04:00,NQ,Short,440.3900146484375,439.79998779296875,-298235.84786499385,399.5711838387459
2024-04-10 09:30:00-04:00,ES,Long,518.4000244140625,514.6599731445312,339576.9749041131,-2449.913650234114
2024-04-10 09:30:00-04:00,NQ,Short,439.79998779296875,437.8999938964844,-321472.0298973239,1388.8015271680347
2024-04-10 09:30:00-04:00,YM,Long,388.1000061035156,384.8999938964844,350543.9689068373,-2890.3503271367276
2024-04-10 14:30:00-04:00,NQ,Short,437.8999938964844,438.0400085449219,-244057.8930644469,-78.03535184312742
2024-04-10 15:30:00-04:00,YM,Long,384.8999938964844,384.5400085449219,287294.20382058946,-268.69760094628066
2024-04-11 09:30:00-04:00,YM,Long,384.5400085449219,382.0899963378906,315695.14102169004,-2011.382254164686
2024-04-11 10:30:00-04:00,NQ,Short,438.0400085449219,439.7950134277344,-215630.79318339043,-863.9235858355927
2024-04-11 10:30:00-04:00,YM,Long,382.0899963378906,382.3900146484375,270201.83604871493,212.16336238834987
2024-04-11 14:30:00-04:00,ES,Long,514.6599731445312,518.9099731445312,276184.4596146837,2280.6979648925867
2024-04-11 14:30:00-04:00,NQ,Short,439.7950134277344,445.9049987792969,-239124.45624807678,-3322.1088922513927
2024-04-11 14:30:00-04:00,YM,Long,382.3900146484375,385.4599914550781,291711.59963526734,2341.974975292326
2024-04-11 15:30:00-04:00,NQ,Short,445.9049987792969,445.4599914550781,-263039.673140605,262.5101342844825
2024-04-12 09:30:00-04:00,ES,Long,518.9099731445312,513.7999877929688,311955.0277447068,-3071.9887930882505
2024-04-12 09:30:00-04:00,NQ,Short,445.4599914550781,440.5899963378906,-286802.00545876456,3135.4653458808257
2024-04-12 09:30:00-04:00,YM,Long,385.4599914550781,381.3699951171875,322125.9802387737,-3417.97880123067
2024-04-12 13:30:00-04:00,NQ,Short,440.5899963378906,438.05999755859375,-237853.11929799555,1365.8233425127153
2024-04-12 14:30:00-04:00,ES,Long,513.7999877929688,509.5050048828125,283755.8637763546,-2371.986404303192
2024-04-12 15:30:00-04:00,NQ,Short,438.05999755859375,438.30999755859375,-260633.17124551182,-148.7428506928724
2024-04-15 09:30:00-04:00,ES,Long,509.5050048828125,512.5700073242188,305197.77599803277,1835.9621977822967
2024-04-15 09:30:00-04:00,NQ,Short,438.30999755859375,439.5199890136719,-289358.66091922694,-798.7988161696188
2024-04-15 12:30:00-04:00,NQ,Short,439.5199890136719,432.7900085449219,-261712.38147321812,4007.3699940186775
2024-04-15 15:30:00-04:00,NQ,Short,432.7900085449219,430.989990234375,-228026.1764576084,948.3844007574512
2024-04-16 11:30:00-04:00,ES,Long,512.5700073242188,504.4901123046875,280476.4060064395,-4421.288572497358
2024-04-16 12:30:00-04:00,NQ,Short,430.989990234375,431.6400146484375,-256660.1443323184,-387.0979923271208
2024-04-16 13:30:00-04:00,NQ,Short,431.6400146484375,430.6199951171875,-284326.48945649626,671.899181389816
2024-04-16 14:30:00-04:00,ES,Long,504.4901123046875,505.6199951171875,303879.4881032629,680.5846186174791
2024-04-17 09:30:00-04:00,ES,Long,505.6199951171875,504.3800048828125,282104.9336870071,-691.8384680570653
2024-04-17 09:30:00-04:00,NQ,Short,430.6199951171875,430.5400085449219,-251868.27032631455,46.78389260673147
2024-06-27 13:30:00-04:00,ES,Long,533.719970703125,544.77001953125,354553.7796936974,7340.6220356533695
2024-06-27 15:30:00-04:00,ES,Long,544.77001953125,546.3400268554688,528161.6762821132,1522.1426848123442
2024-06-28 09:30:00-04:00,ES,Long,546.3400268554688,549.5256958007812,551037.6950981283,3213.060707036706
2024-07-01 12:30:00-04:00,NQ,Long,479.17999267578125,480.8900146484375,267909.01614906633,956.0714372262989
2024-07-01 14:30:00-04:00,NQ,Long,480.8900146484375,480.92999267578125,295105.7894548173,24.53315095084383
2024-07-02 10:30:00-04:00,ES,Long,549.5256958007812,546.0599975585938,367592.2588843007,-2318.2971336774426
2024-07-02 13:30:00-04:00,ES,Long,546.0599975585938,547.7249755859375,473376.3697722272,1443.3601762779492
2024-07-02 14:30:00-04:00,ES,Long,547.7249755859375,547.9749755859375,499427.60998032556,227.95546681345638
2024-07-02 14:30:00-04:00,NQ,Long,480.92999267578125,486.2200012207031,320540.22171237716,3525.7948925484384
2024-07-05 09:30:00-04:00,NQ,Long,486.2200012207031,493.6700134277344,360131.114889872,5518.039560950664
2024-07-05 11:30:00-04:00,NQ,Long,493.6700134277344,495.989990234375,335606.6453786017,1577.166147943065
2024-07-11 09:30:00-04:00,NQ,Long,495.989990234375,498.2037048339844,361114.8827938589,1611.7367364596266
2024-07-11 10:30:00-04:00,ES,Long,547.9749755859375,557.3200073242188,543670.0261601877,9271.616179528204
2024-07-11 13:30:00-04:00,ES,Long,557.3200073242188,556.25,382912.6728769667,-735.1599783428913
2024-07-11 15:30:00-04:00,ES,Long,556.25,556.4199829101562,502617.76637767785,153.59358314626851
2024-07-12 09:30:00-04:00,ES,Long,556.4199829101562,559.780029296875,531246.4228137067,3208.0311244333548
2024-07-17 09:30:00-04:00,ES,Long,559.780029296875,558.6900024414062,367342.87306381343,-715.3052553653151
2024-07-17 10:30:00-04:00,ES,Long,558.6900024414062,558.5999145507812,345936.829438115,-55.781773644407835
2024-07-18 10:30:00-04:00,ES,Long,558.5999145507812,553.8104858398438,367072.99260366,-3147.2792673080417
2024-07-19 09:30:00-04:00,ES,Long,553.8104858398438,551.1099853515625,343197.43632918573,-1673.505410390264
2024-07-19 15:30:00-04:00,ES,Long,551.1099853515625,548.9500122070312,321090.8194222061,-1258.4557807731835
2024-07-22 09:30:00-04:00,ES,Long,548.9500122070312,553.2000122070312,343362.0841988761,2658.327398478801
2024-07-22 13:30:00-04:00,ES,Long,553.2000122070312,554.5800170898438,291670.874376529,727.5980150614419
2024-07-22 14:30:00-04:00,ES,Long,554.5800170898438,554.52001953125,337906.84302417695,-36.55664645105262
2024-07-24 09:30:00-04:00,ES,Long,554.52001953125,546.0399780273438,363034.69743604603,-5551.736985470958
2024-07-29 13:30:00-04:00,ES,Long,545.3699951171875,544.9600219726562,265937.8837099481,-199.91453767295326
2024-07-29 14:30:00-04:00,ES,Long,544.9600219726562,545.4299926757812,292357.96074180497,252.12799257577714
2024-07-31 09:30:00-04:00,ES,Long,545.4299926757812,550.2999877929688,315772.37240029156,2819.4450843964673
2024-10-31 09:30:00-04:00,ES,Long,578.9299926757812,571.989990234375,365179.5100555161,-4377.63930596032
2024-11-01 09:30:00-04:00,YM,Long,424.3299865722656,422.8699951171875,365179.5100555161,-1256.4725122481295
2024-11-01 14:30:00-04:00,YM,Long,422.8699951171875,420.57000732421875,307251.1569936256,-1671.1375094490388
2024-11-01 15:30:00-04:00,YM,Long,420.57000732421875,420.3999938964844,338967.6656316735,-137.02606871995482
2024-11-04 09:30:00-05:00,YM,Long,420.3999938964844,419.44000244140625,362574.713666784,-827.9463177947044
2024-12-04 09:30:00-05:00,ES,Long,598.8150024414062,605.6300048828125,362284.9324555559,4123.097599597798
2024-12-06 09:30:00-05:00,ES,Long,605.6300048828125,608.8800048828125,571572.5975385095,3067.2373016914808
2024-12-06 12:30:00-05:00,ES,Long,608.8800048828125,608.0650024414062,381217.6194062024,-510.2701485211867
2024-12-11 09:30:00-05:00,ES,Long,608.0650024414062,606.5349731445312,572978.9294727531,-1441.744788904972
2024-12-11 12:30:00-05:00,ES,Long,606.5349731445312,608.3200073242188,380503.6699428388,1119.8234008225095
2024-12-16 09:30:00-05:00,ES,Long,608.3200073242188,606.4600219726562,572801.8727093077,-1751.3859149121292
2024-12-16 12:30:00-05:00,ES,Long,606.4600219726562,607.719970703125,380272.67595331045,790.0340631536803
2024-12-16 15:30:00-05:00,ES,Long,607.719970703125,606.77001953125,572273.1291908406,-894.5428090481162
2024-12-16 15:30:00-05:00,YM,Long,449.92999267578125,438.3500061035156,362284.9324555559,-9324.23870704834
2024-12-17 09:30:00-05:00,ES,Long,606.77001953125,603.219970703125,519801.02785987646,-3041.216557201846
2024-12-17 09:30:00-05:00,YM,Long,438.3500061035156,435.7900085449219,515138.9085063523,-3008.4506210808386
2024-12-18 09:30:00-05:00,ES,Long,603.219970703125,605.4000244140625,347398.7855909386,1255.5088499804258
2024-12-18 09:30:00-05:00,NQ,Long,534.219970703125,535.9199829101562,332439.02927362546,1057.8983168954685
2024-12-18 09:30:00-05:00,YM,Long,435.7900085449219,437.17999267578125,346381.36458801647,1104.808716497061
2024-12-23 12:30:00-05:00,ES,Long,589.2999877929688,593.2996826171875,240293.42847662314,1630.9187206523056
2024-12-23 13:30:00-05:00,ES,Long,593.2996826171875,593.8599853515625,275484.68841413455,260.16333519004803
2024-12-23 15:30:00-05:00,ES,Long,593.8599853515625,594.780029296875,301839.5792221579,467.62820221776434
2024-12-24 11:30:00-05:00,ES,Long,594.780029296875,600.1600952148438,326998.29689051176,2957.8538378536514
2024-12-27 09:30:00-05:00,ES,Long,600.1600952148438,593.2100219726562,357699.2313943227,-4142.287827341757
2024-12-30 09:30:00-05:00,ES,Long,593.2100219726562,584.77001953125,312754.27050776716,-4449.767719479727
2024-12-30 12:30:00-05:00,ES,Long,584.77001953125,590.5900268554688,219381.18494184298,2183.42264567666
2024-12-30 14:30:00-05:00,ES,Long,590.5900268554688,589.5900268554688,244269.9558182087,-413.60325218967387
2024-12-31 13:30:00-05:00,ES,Long,589.5900268554688,584.9400024414062,274131.98900714493,-2162.045461245938
2025-01-02 09:30:00-05:00,ES,Long,584.9400024414062,587.8300170898438,300569.00522272394,1485.0220951455149
2025-01-02 11:30:00-05:00,ES,Long,587.8300170898438,584.489990234375,270216.29507973255,-1535.3582772443426
2025-01-02 15:30:00-05:00,ES,Long,584.489990234375,584.5700073242188,246233.27503006984,33.70950815205789
2025-01-03 09:30:00-05:00,ES,Long,584.5700073242188,588.219970703125,268520.17109691666,1676.5978047481349
2025-01-08 12:30:00-05:00,NQ,Short,513.489990234375,515.7899780273438,-203784.3504256185,-912.7763486938795
2025-01-08 15:30:00-05:00,NQ,Short,515.7899780273438,515.2999877929688,-182302.43787909934,173.18369504802257
2025-01-10 09:30:00-05:00,NQ,Short,515.2999877929688,507.6600036621094,-207173.87727076365,3071.6188087960195
2025-07-23 14:30:00-04:00,NQ,Long,560.6900024414062,563.094970703125,359789.7259197779,1543.2464783781807
2025-07-24 14:30:00-04:00,NQ,Long,563.094970703125,566.0650024414062,482122.21107887186,2542.9427416951976
2025-07-25 09:30:00-04:00,NQ,Long,566.0650024414062,566.0549926757812,520938.1874227818,-9.211785110764062
2025-07-25 12:30:00-04:00,ES,Long,635.469970703125,637.0452270507812,542099.5771810837,1343.8019723755172
2025-07-25 12:30:00-04:00,NQ,Long,566.0549926757812,566.969970703125,489952.8843337393,791.965673652905
2025-07-28 09:30:00-04:00,ES,Long,637.0452270507812,637.7349853515625,518613.40562914993,561.5266958127992
2025-07-28 09:30:00-04:00,NQ,Long,566.969970703125,568.4650268554688,515172.5324273867,1358.4702963525565
2025-07-28 12:30:00-04:00,ES,Long,637.7349853515625,636.3200073242188,569109.704494036,-1262.715305736649
2025-07-28 12:30:00-04:00,NQ,Long,568.4650268554688,567.5300903320312,378954.8139994248,-623.2550457859679
2025-07-29 09:30:00-04:00,ES,Long,636.3200073242188,637.760009765625,517420.33612624975,1170.9305674485959
2025-07-29 09:30:00-04:00,NQ,Long,567.5300903320312,569.8900146484375,517108.7086033568,2150.2602883039062
2025-07-29 10:30:00-04:00,ES,Long,637.760009765625,635.2899780273438,539721.1652129643,-2090.329257847448
2025-07-29 10:30:00-04:00,NQ,Long,569.8900146484375,567.5449829101562,496696.56777802785,-2043.8491389489955
2025-07-29 13:30:00-04:00,ES,Long,635.2899780273438,635.3200073242188,378715.20797278924,17.90135497903725
2025-07-30 13:30:00-04:00,ES,Long,635.3200073242188,636.77001953125,568382.2820613569,1297.2379867594154
2025-07-30 13:30:00-04:00,NQ,Long,567.5449829101562,569.7947998046875,361691.5503829844,1433.7890126140996
2025-07-30 14:30:00-04:00,ES,Long,636.77001953125,632.0892944335938,518636.3213379381,-3812.3560647997224
2025-07-30 14:30:00-04:00,NQ,Long,569.7947998046875,565.9891967773438,516798.37330569694,-3451.645144274106
2025-07-31 09:30:00-04:00,NQ,Long,565.9891967773438,571.9301147460938,374463.80268032866,3930.567485487156
2025-07-31 10:30:00-04:00,ES,Long,632.0892944335938,636.1900024414062,377578.7214651226,2449.559105535998
2025-07-31 11:30:00-04:00,NQ,Long,571.9301147460938,571.1300048828125,339244.6336262588,-474.5911614570346
2025-07-31 13:30:00-04:00,ES,Long,636.1900024414062,634.2100219726562,329025.0716886034,-1024.0073141239022
2025-07-31 13:30:00-04:00,NQ,Long,571.1300048828125,566.5900268554688,306753.7397072135,-2438.42072062389
2025-08-01 09:30:00-04:00,ES,Long,634.2100219726562,623.2000122070312,296768.8661629544,-5151.965439499883
2025-08-01 09:30:00-04:00,NQ,Long,566.5900268554688,556.3800048828125,275918.92472179525,-4972.092960612309
2025-08-20 10:30:00-04:00,NQ,Long,560.281005859375,563.4400024414062,279515.36940486915,1575.973640621337
2025-08-20 15:30:00-04:00,NQ,Long,563.4400024414062,565.8599853515625,258054.18720080025,1108.3464436573092
2025-08-21 09:30:00-04:00,NQ,Long,565.8599853515625,566.4099731445312,280257.53171177366,272.3963971993239
2025-08-21 14:30:00-04:00,NQ,Long,566.4099731445312,563.7799072265625,258069.9105708891,-1198.320842547283
2025-08-21 15:30:00-04:00,NQ,Long,563.7799072265625,563.2999877929688,290283.7387186541,-247.10495298185197
2025-08-22 09:30:00-04:00,ES,Long,637.8900146484375,644.1099853515625,358362.4540614766,3494.339014839167
2025-08-22 09:30:00-04:00,NQ,Long,563.2999877929688,571.6799926757812,319320.1748045475,4750.407743708548
2025-08-22 12:30:00-04:00,NQ,Long,571.6799926757812,573.2050170898438,228587.23068698213,609.7836412097208
2025-08-22 13:30:00-04:00,NQ,Long,573.2050170898438,572.6599731445312,250627.84146909797,-238.31471017648448
2025-08-22 14:30:00-04:00,NQ,Long,572.6599731445312,572.2000122070312,276711.5395297754,-222.25492457643975
2025-08-22 15:30:00-04:00,NQ,Long,572.2000122070312,571.97998046875,300310.8278486828,-115.48044751232693
2025-08-25 11:30:00-04:00,NQ,Long,571.97998046875,572.8662719726562,323329.07681576355,501.0032230722783
2025-08-28 10:30:00-04:00,NQ,Long,572.8662719726562,574.8599243164062,361024.71301125875,1256.4149793076353
2025-08-28 12:30:00-04:00,NQ,Long,574.8599243164062,576.969970703125,385447.9923506681,1414.802300742522
2025-08-28 13:30:00-04:00,NQ,Long,576.969970703125,577.3350219726562,413687.0538710518,261.74149760382346
2025-08-28 14:30:00-04:00,NQ,Long,577.3350219726562,577.3784790039062,458600.77649954375,34.519693968191035
2025-08-28 15:30:00-04:00,NQ,Long,577.3784790039062,577.0700073242188,501624.82192569756,-267.99934015433945
2025-08-29 09:30:00-04:00,NQ,Long,577.0700073242188,570.947998046875,530244.8049650874,-5625.2509644566935
2025-09-02 09:30:00-04:00,NQ,Long,570.947998046875,565.239990234375,350694.85095977894,-3506.0442560963243
2025-09-02 13:30:00-04:00,NQ,Long,565.239990234375,562.8900146484375,250309.15314942587,-1040.6560204523705
2025-09-02 15:30:00-04:00,NQ,Long,562.8900146484375,565.6400146484375,278292.29851297505,1359.5974364346557
2025-09-03 09:30:00-04:00,NQ,Long,565.6400146484375,569.510009765625,310302.2612390576,2123.025607715835
2025-09-03 11:30:00-04:00,NQ,Long,569.510009765625,569.5,280006.0146448748,-4.921414078988656
2025-09-03 14:30:00-04:00,NQ,Long,569.5,567.5900268554688,303073.4911421246,-1016.4393834956762
2025-09-04 09:30:00-04:00,NQ,Long,567.5900268554688,570.77001953125,343353.3246463414,1923.6790745418418
2025-09-04 11:30:00-04:00,NQ,Long,570.77001953125,571.6928100585938,323403.38532163075,522.8613456796362
2025-09-05 09:30:00-04:00,NQ,Long,571.6928100585938,575.1290283203125,360127.07870629965,2164.5807374474093
2025-09-05 10:30:00-04:00,NQ,Long,575.1290283203125,574.6199951171875,330206.5159914066,-292.25803645966954
2025-09-05 12:30:00-04:00,NQ,Long,574.6199951171875,574.6500244140625,305679.9130867193,15.974649223498153
2025-09-05 14:30:00-04:00,NQ,Long,574.6500244140625,575.844970703125,336165.7246796166,699.034139301576
2025-09-08 09:30:00-04:00,NQ,Long,575.844970703125,580.25,361032.64472762914,2761.783914187165
2025-09-08 10:30:00-04:00,NQ,Long,580.25,580.5650024414062,340909.5777822452,185.07083033206567
2025-09-17 10:30:00-04:00,ES,Long,655.9600219726562,658.9400024414062,362064.0438882109,1644.8316102844558
2025-09-17 11:30:00-04:00,ES,Long,658.9400024414062,658.9299926757812,569862.4406385594,-8.656614332333964
2025-09-17 11:30:00-04:00,NQ,Long,580.5650024414062,588.61572265625,362064.0438882109,5020.757890918647
2025-09-17 13:30:00-04:00,ES,Long,658.9299926757812,660.3499755859375,518052.43590970594,1116.3941750008553
2025-09-17 13:30:00-04:00,NQ,Long,588.61572265625,589.1599731445312,520562.81485516526,481.3268746669917
2025-09-17 14:30:00-04:00,ES,Long,660.3499755859375,660.1849975585938,568829.9226177133,-142.11318542761944
2025-09-17 14:30:00-04:00,NQ,Long,589.1599731445312,591.239990234375,473630.731837016,1672.1434948102262
2025-09-18 09:30:00-04:00,ES,Long,660.1849975585938,664.4000244140625,441859.25509105064,2821.1011056501575
2025-09-18 09:30:00-04:00,NQ,Long,591.239990234375,597.4500122070312,362838.89041981974,3811.0370057141804
2025-09-18 11:30:00-04:00,NQ,Long,597.4500122070312,597.0692749023438,329541.8370117766,-210.00731147722058
2025-09-18 12:30:00-04:00,NQ,Long,597.0692749023438,596.8699951171875,297352.07365454733,-99.24519623511951
2025-09-18 13:30:00-04:00,NQ,Long,596.8699951171875,596.2850952148438,327141.5779615536,-320.58082759667775
2025-09-19 11:30:00-04:00,ES,Long,664.4000244140625,662.489990234375,366476.0687612609,-1053.5547737055429
2025-09-19 12:30:00-04:00,ES,Long,662.489990234375,662.47998046875,520349.1993568693,-7.862116568547668
2025-09-23 09:30:00-04:00,ES,Long,662.47998046875,666.6199951171875,569837.7033457075,3561.068271699261
2025-09-23 09:30:00-04:00,NQ,Long,596.2850952148438,601.1900024414062,355680.32582150487,2925.746449924973
2025-09-24 11:30:00-04:00,ES,Long,666.6199951171875,660.9099731445312,526377.6686134308,-4508.75772661138
2025-09-24 11:30:00-04:00,NQ,Long,601.1900024414062,595.0499877929688,527840.5418383933,-5390.889146136116
2025-09-24 14:30:00-04:00,NQ,Long,595.0499877929688,595.6599731445312,366023.5028814137,375.2104523409168
2025-09-24 15:30:00-04:00,ES,Long,660.9099731445312,661.030029296875,578144.7792725965,105.02162248641942
2025-09-25 09:30:00-04:00,ES,Long,661.030029296875,658.47998046875,552384.2934512567,-2130.92727676584
2025-09-25 09:30:00-04:00,NQ,Long,595.6599731445312,593.239990234375,482880.1935437646,-1961.7934202627916
2025-09-25 12:30:00-04:00,ES,Long,658.47998046875,657.2949829101562,381890.8187409683,-687.2489692629193
2025-09-25 13:30:00-04:00,ES,Long,657.2949829101562,656.989990234375,449211.87394780916,-208.43964276352753
2025-09-25 15:30:00-04:00,ES,Long,656.989990234375,657.9500122070312,421713.80502919614,616.2263124527575
2025-09-26 09:30:00-04:00,ES,Long,657.9500122070312,658.781005859375,467506.57651293266,590.4627863871222
2025-09-26 09:30:00-04:00,NQ,Long,593.239990234375,592.2100219726562,344366.7518798174,-597.8808419291815
2025-09-26 12:30:00-04:00,ES,Long,658.781005859375,661.625,400874.4566724098,1730.5972633733297
2025-09-26 13:30:00-04:00,ES,Long,661.625,661.7249755859375,427791.1274854659,64.64185698730128
2025-09-26 13:30:00-04:00,NQ,Long,592.2100219726562,595.760009765625,314036.3307810158,1882.482733250294
2025-09-26 14:30:00-04:00,ES,Long,661.7249755859375,661.5999755859375,453467.8974108972,-85.66019006033531
2025-09-26 15:30:00-04:00,ES,Long,661.5999755859375,661.72998046875,493114.86926452705,96.89743524409936
2025-09-26 15:30:00-04:00,NQ,Long,595.760009765625,596.0499877929688,352341.90095507633,171.49759586866986
2025-09-29 09:30:00-04:00,ES,Long,661.72998046875,664.760009765625,534489.8898971826,2447.403129785258
2025-09-29 09:30:00-04:00,NQ,Long,596.0499877929688,601.60498046875,420984.53396661446,3923.4393938348685
2025-09-29 11:30:00-04:00,NQ,Long,601.60498046875,599.0499877929688,337875.0085718857,-1434.941864274571
2025-09-29 12:30:00-04:00,ES,Long,664.760009765625,662.5599975585938,366866.47467790963,-1214.1385022942127
2025-09-29 15:30:00-04:00,ES,Long,662.5599975585938,663.5999755859375,529548.1494107299,831.1978414588806
2025-09-30 11:30:00-04:00,ES,Long,663.5999755859375,663.405029296875,571808.1023114491,-167.98051793636859
2025-09-30 13:30:00-04:00,ES,Long,663.405029296875,663.8800048828125,536023.3484138489,383.77460638019295
2025-09-30 14:30:00-04:00,NQ,Long,599.0499877929688,599.4201049804688,366366.46002332243,226.3559411423042
2025-10-01 09:30:00-04:00,ES,Long,663.8800048828125,665.530029296875,514438.6761437016,1278.5990976259864
2025-10-01 09:30:00-04:00,NQ,Long,599.4201049804688,600.1199951171875,420992.5088887114,491.5559257280677
2025-10-01 10:30:00-04:00,ES,Long,665.530029296875,666.3099975585938,474333.92194430553,555.8958849144666
2025-10-01 10:30:00-04:00,NQ,Long,600.1199951171875,600.3099975585938,376411.677103315,119.17472872985196
2025-10-01 11:30:00-04:00,ES,Long,666.3099975585938,666.9199829101562,502801.96707382,460.2990136357214
2025-10-01 12:30:00-04:00,NQ,Long,600.3099975585938,602.5250244140625,404331.20586586464,1491.9033218492048
2025-10-01 13:30:00-04:00,ES,Long,666.9199829101562,668.77001953125,542555.5474896902,1505.0495674961885
2025-10-01 14:30:00-04:00,NQ,Long,602.5250244140625,603.5316162109375,443126.678904521,740.2973517913566
2025-10-01 15:30:00-04:00,ES,Long,668.77001953125,668.5,567321.4978697977,-229.05913908973093
2025-10-02 09:30:00-04:00,ES,Long,668.5,668.7113037109375,544971.3935816485,172.25800720805265
2025-10-02 09:30:00-04:00,NQ,Long,603.5316162109375,604.9550170898438,491912.34917932533,1160.1520970228182
2025-10-02 14:30:00-04:00,ES,Long,668.7113037109375,669.4749755859375,435361.3717408871,497.18500826128223
2025-10-02 14:30:00-04:00,NQ,Long,604.9550170898438,606.0598754882812,345292.54913056036,630.6243638742069
2025-10-02 15:30:00-04:00,YM,Long,463.7099914550781,465.1000061035156,277352.1377183795,831.389319419808
2025-10-03 09:30:00-04:00,ES,Long,669.4749755859375,671.3831787109375,411557.2828789246,1173.0608640281625
2025-10-03 09:30:00-04:00,NQ,Long,606.0598754882812,605.4799194335938,385753.15315976064,-369.13824167876885
2025-10-03 09:30:00-04:00,YM,Long,465.1000061035156,469.0,256187.2737345264,2148.2020873146416
2025-10-03 12:30:00-04:00,ES,Long,671.3831787109375,670.3300170898438,321684.7338695346,-504.60903184024244
2025-10-03 12:30:00-04:00,NQ,Long,605.4799194335938,603.9000244140625,431948.7582122171,-1127.0954987748955
2025-10-03 12:30:00-04:00,YM,Long,469.0,469.2300109863281,308348.14879008237,151.22273312507096
2025-10-03 15:30:00-04:00,ES,Long,670.3300170898438,669.2000122070312,354296.82492525753,-597.2537883184887
2025-10-03 15:30:00-04:00,YM,Long,469.2300109863281,467.510009765625,353971.5340033743,-1297.5117880891487
2025-10-06 09:30:00-04:00,ES,Long,669.2000122070312,670.5150146484375,430752.86586369557,846.4450985070484
2025-10-06 09:30:00-04:00,NQ,Long,603.9000244140625,606.7449951171875,353921.1264256659,1667.321071687263
2025-10-06 09:30:00-04:00,YM,Long,467.510009765625,465.614990234375,273780.3406877059,-1109.749699553127
2025-10-08 09:30:00-04:00,ES,Long,670.5150146484375,671.8900146484375,457635.7601239486,938.4564945206416
2025-10-08 09:30:00-04:00,NQ,Long,606.7449951171875,608.6300048828125,303550.61032783764,943.058236053333
2025-10-08 09:30:00-04:00,YM,Long,465.614990234375,466.8299865722656,300313.99727310357,783.6526197759384
2025-10-08 12:30:00-04:00,ES,Long,671.8900146484375,672.89501953125,364587.3935375455,545.3453730947896
2025-10-08 12:30:00-04:00,NQ,Long,608.6300048828125,609.8436279296875,349197.1650689426,696.307648376095
2025-10-08 12:30:00-04:00,YM,Long,466.8299865722656,467.2900085449219,349454.522251135,344.35825311904904
2025-10-10 09:30:00-04:00,ES,Long,672.89501953125,672.5700073242188,468439.1208762324,-226.25881915699364
2025-10-10 09:30:00-04:00,NQ,Long,609.8436279296875,611.89501953125,298292.5885173295,1003.3964165045595
2025-10-10 09:30:00-04:00,YM,Long,467.2900085449219,465.17999267578125,298389.00882820284,-1347.3550306910195
2025-10-10 10:30:00-04:00,ES,Long,672.5700073242188,662.4400024414062,266362.19317753473,-4011.850496009936
2025-10-16 12:30:00-04:00,ES,Long,666.9299926757812,663.5040283203125,275528.4221967429,-1415.3667757201533
2025-10-16 13:30:00-04:00,ES,Long,663.5040283203125,658.385009765625,252839.0543243773,-1950.6856856810207
2025-10-16 13:30:00-04:00,NQ,Long,605.9600219726562,596.7999877929688,222108.89203683106,-3357.523547587601
2025-10-17 14:30:00-04:00,ES,Long,658.385009765625,665.1300048828125,227924.08308817432,2335.027080987834
2025-10-17 15:30:00-04:00,ES,Long,665.1300048828125,664.3200073242188,248907.83377865056,-303.1207977319981
2025-10-17 15:30:00-04:00,NQ,Long,596.7999877929688,603.8800048828125,184476.31954767104,2188.4978582172407
2025-10-20 09:30:00-04:00,ES,Long,664.3200073242188,670.2650146484375,274608.6021148106,2457.4755131065353
2025-10-20 11:30:00-04:00,ES,Long,670.2650146484375,670.8099975585938,252830.74255797523,205.57306564550856
2025-10-20 11:30:00-04:00,NQ,Long,603.8800048828125,611.72998046875,217343.44055862346,2825.2975563910945
2025-10-20 12:30:00-04:00,NQ,Long,611.72998046875,612.3699951171875,241651.60273337775,252.824890892628
2025-10-20 13:30:00-04:00,ES,Long,670.8099975585938,671.8413696289062,300762.739556882,462.42347385787957
2025-10-20 13:30:00-04:00,NQ,Long,612.3699951171875,612.3900146484375,263087.999730873,8.60084340204208
2025-10-20 14:30:00-04:00,NQ,Long,612.3900146484375,612.0399780273438,296098.5510641108,-169.24726701289788
2025-10-20 15:30:00-04:00,NQ,Long,612.0399780273438,611.5399780273438,324771.77217836457,-265.3190835875879
2025-10-22 11:30:00-04:00,NQ,Long,611.5399780273438,605.135009765625,357330.7563273433,-3742.506190020918
2025-10-22 12:30:00-04:00,NQ,Long,605.135009765625,602.27001953125,331056.71694651124,-1567.3762809449038
2025-10-23 11:30:00-04:00,NQ,Long,602.27001953125,609.3200073242188,301762.31213899143,3532.336905319807
2025-10-23 12:30:00-04:00,NQ,Long,609.3200073242188,609.47998046875,324181.49327079335,85.11181686796348
2025-10-23 14:30:00-04:00,NQ,Long,609.47998046875,611.14501953125,347667.16227642767,949.7923221260908
2025-10-24 09:30:00-04:00,NQ,Long,611.14501953125,616.7650146484375,372268.6727544645,3423.325162277597
2025-10-24 11:30:00-04:00,NQ,Long,616.7650146484375,617.6655883789062,323401.13868008315,472.2164243783796
2025-10-24 12:30:00-04:00,NQ,Long,617.6655883789062,617.9199829101562,349464.7744774686,143.9321360364434
2025-10-27 09:30:00-04:00,NQ,Long,617.9199829101562,625.7949829101562,373682.4885574068,4762.347356902756
2025-10-27 10:30:00-04:00,NQ,Long,625.7949829101562,626.510009765625,318470.595152911,363.88119820407655
2025-10-27 11:30:00-04:00,NQ,Long,626.510009765625,626.6400146484375,345811.42697303137,71.75810974779262
2025-10-30 09:30:00-04:00,NQ,Long,626.6400146484375,629.6400146484375,375501.78389010596,1797.6913783622942
2025-10-30 11:30:00-04:00,YM,Long,478.489990234375,478.7099914550781,315597.3748391255,145.1060819084221
2025-10-30 13:30:00-04:00,NQ,Long,629.6400146484375,629.1199951171875,283515.5596602164,-234.15543009747785
2025-10-30 13:30:00-04:00,YM,Long,478.7099914550781,477.0199890136719,340212.0280167655,-1201.0594476970698
2025-10-31 09:30:00-04:00,NQ,Long,629.1199951171875,631.9100952148438,314615.85368840257,1395.2977665837898
2025-11-03 09:30:00-05:00,ES,Long,671.8413696289062,680.4600219726562,359592.4224439905,4612.99677958726
2025-11-03 09:30:00-05:00,YM,Long,477.0199890136719,471.7099914550781,368629.8132752349,-4103.4410582326045
2025-11-03 11:30:00-05:00,ES,Long,680.4600219726562,682.7479858398438,309934.7482441791,1042.1178059995298
2025-11-03 12:30:00-05:00,ES,Long,682.7479858398438,683.6300048828125,330805.4869276036,427.3564258557038
2025-11-03 12:30:00-05:00,NQ,Long,631.9100952148438,632.8151245117188,256394.5663322164,367.2114053049323
2025-11-03 12:30:00-05:00,YM,Long,471.7099914550781,473.32000732421875,321400.84895967727,1096.9885661826781
2025-11-03 14:30:00-05:00,NQ,Long,632.8151245117188,631.8400268554688,289895.2591473728,-446.69632062081797
2025-11-03 15:30:00-05:00,NQ,Long,631.8400268554688,632.0900268554688,327619.13176266284,129.6289874959143
2025-11-04 09:30:00-05:00,ES,Long,683.6300048828125,679.3200073242188,355423.483256388,-2240.794485555841
2025-11-04 09:30:00-05:00,NQ,Long,632.0900268554688,626.22998046875,349370.44682253106,-3238.9801097064646
2025-11-04 13:30:00-05:00,ES,Long,679.3200073242188,676.2949829101562,323853.80769577535,-1442.126927374977
2025-11-07 09:30:00-05:00,ES,Long,676.2949829101562,665.9299926757812,356254.12209326774,-5459.9998369988
2025-11-10 09:30:00-05:00,ES,Long,665.9299926757812,678.8599853515625,309837.1954624579,6015.936678143679
2025-11-10 10:30:00-05:00,YM,Long,473.32000732421875,469.67999267578125,365206.6505122906,-2808.580953690677
2025-11-10 13:30:00-05:00,YM,Long,469.67999267578125,473.510009765625,336363.2813442512,2742.882677639832
2025-11-13 09:30:00-05:00,YM,Long,473.510009765625,481.4100036621094,375010.86688418733,6256.6439956925
2025-11-18 15:30:00-05:00,YM,Short,460.8999938964844,461.3399963378906,-245085.3211200342,-233.97296826580057
2025-11-20 09:30:00-05:00,YM,Short,461.3399963378906,468.80499267578125,-269665.9821737898,-4363.496738545588
2026-01-08 13:30:00-05:00,ES,Long,682.4500122070312,688.9199829101562,375591.57788529573,3560.797804662004
2026-01-09 09:30:00-05:00,ES,Long,688.9199829101562,693.125,592173.7754694575,3614.4993726087123
2026-01-12 13:30:00-05:00,ES,Long,693.125,695.3200073242188,395117.5638327208,1251.269174449474
2026-01-13 09:30:00-05:00,ES,Long,695.3200073242188,692.72998046875,594849.9481703395,-2215.781689734947
2026-01-20 09:30:00-05:00,ES,Long,692.72998046875,683.8787841796875,394764.7933802551,-5044.01537790447
2026-02-03 09:30:00-05:00,ES,Long,689.3250122070312,692.2050170898438,375999.94713472395,1570.9304965130368
2026-02-04 09:30:00-05:00,ES,Long,692.2050170898438,689.9000244140625,348690.1117068167,-1161.1128693932014
2026-02-04 11:30:00-05:00,ES,Long,689.9000244140625,683.7000122070312,326812.62484668824,-2937.0085400160624
2026-02-04 15:30:00-05:00,ES,Long,683.7000122070312,686.1199951171875,286957.1640574776,1015.6960956082568
2026-02-05 09:30:00-05:00,ES,Long,686.1199951171875,676.6400146484375,309939.5555377795,-4282.371821111795
2026-02-05 15:30:00-05:00,ES,Long,676.6400146484375,677.4400024414062,237981.38219552764,281.36408812471694
2026-02-06 09:30:00-05:00,ES,Long,677.4400024414062,685.469970703125,272296.63703134004,3227.6413339254063
